node,year,NC
Grohnde,2030,0.0
Grohnde,2031,-0.0
Grohnde,2032,-0.0
Grohnde,2033,-0.0
Grohnde,2034,0.0
Grohnde,2035,0.0
Grohnde,2036,0.0
Grohnde,2037,0.0
Grohnde,2038,0.0
Grohnde,2039,0.0
Grohnde,2040,0.0
Grohnde,2041,0.0
Grohnde,2042,0.0
Grohnde,2043,0.0
Grohnde,2044,0.0
Grohnde,2045,0.0
Grohnde,2046,0.0
Grohnde,2047,0.0
Grohnde,2048,0.0
Grohnde,2049,0.0
Grohnde,2050,0.0
Grohnde,2051,0.0
Grohnde,2052,0.0
Grohnde,2053,0.0
Grohnde,2054,0.0
Grohnde,2055,0.0
Grohnde,2056,0.0
Grohnde,2057,0.0
Grohnde,2058,0.0
Grohnde,2059,0.0
Grohnde,2060,0.0
Grohnde,2061,0.0
Grohnde,2062,0.0
Grohnde,2063,0.0
Grohnde,2064,0.0
Grohnde,2065,0.0
Grohnde,2066,0.0
Grohnde,2067,0.0
Grohnde,2068,0.0
Grohnde,2069,0.0
Grohnde,2070,0.0
Grohnde,2071,0.0
Grohnde,2072,0.0
Grohnde,2073,0.0
Grohnde,2074,0.0
Grohnde,2075,0.0
Grohnde,2076,0.0
Grohnde,2077,0.0
Grohnde,2078,0.0
Grohnde,2079,0.0
Grohnde,2080,0.0
Grohnde,2081,0.0
Grohnde,2082,0.0
Grohnde,2083,0.0
Grohnde,2084,0.0
Grohnde,2085,0.0
Grohnde,2086,0.0
Grohnde,2087,0.0
Grohnde,2088,0.0
Grohnde,2089,0.0
Grohnde,2090,0.0
Grohnde,2091,0.0
Grohnde,2092,0.0
Grohnde,2093,0.0
Grohnde,2094,0.0
Grohnde,2095,0.0
Grohnde,2096,0.0
Grohnde,2097,0.0
Grohnde,2098,0.0
Grohnde,2099,0.0
Isar,2030,0.0
Isar,2031,0.0
Isar,2032,-0.0
Isar,2033,-0.0
Isar,2034,-0.0
Isar,2035,0.0
Isar,2036,0.0
Isar,2037,0.0
Isar,2038,0.0
Isar,2039,0.0
Isar,2040,0.0
Isar,2041,0.0
Isar,2042,0.0
Isar,2043,0.0
Isar,2044,0.0
Isar,2045,0.0
Isar,2046,0.0
Isar,2047,0.0
Isar,2048,0.0
Isar,2049,0.0
Isar,2050,0.0
Isar,2051,0.0
Isar,2052,0.0
Isar,2053,0.0
Isar,2054,0.0
Isar,2055,0.0
Isar,2056,0.0
Isar,2057,0.0
Isar,2058,0.0
Isar,2059,0.0
Isar,2060,0.0
Isar,2061,0.0
Isar,2062,0.0
Isar,2063,0.0
Isar,2064,0.0
Isar,2065,0.0
Isar,2066,0.0
Isar,2067,0.0
Isar,2068,0.0
Isar,2069,0.0
Isar,2070,0.0
Isar,2071,0.0
Isar,2072,0.0
Isar,2073,0.0
Isar,2074,0.0
Isar,2075,0.0
Isar,2076,0.0
Isar,2077,0.0
Isar,2078,0.0
Isar,2079,0.0
Isar,2080,0.0
Isar,2081,0.0
Isar,2082,0.0
Isar,2083,0.0
Isar,2084,0.0
Isar,2085,0.0
Isar,2086,0.0
Isar,2087,0.0
Isar,2088,0.0
Isar,2089,0.0
Isar,2090,0.0
Isar,2091,0.0
Isar,2092,0.0
Isar,2093,0.0
Isar,2094,0.0
Isar,2095,0.0
Isar,2096,0.0
Isar,2097,0.0
Isar,2098,0.0
Isar,2099,0.0
Kaiseresch,2030,0.0
Kaiseresch,2031,0.0
Kaiseresch,2032,0.0
Kaiseresch,2033,0.0
Kaiseresch,2034,0.0
Kaiseresch,2035,0.0
Kaiseresch,2036,0.0
Kaiseresch,2037,0.0
Kaiseresch,2038,0.0
Kaiseresch,2039,0.0
Kaiseresch,2040,0.0
Kaiseresch,2041,0.0
Kaiseresch,2042,0.0
Kaiseresch,2043,0.0
Kaiseresch,2044,0.0
Kaiseresch,2045,0.0
Kaiseresch,2046,0.0
Kaiseresch,2047,0.0
Kaiseresch,2048,0.0
Kaiseresch,2049,0.0
Kaiseresch,2050,0.0
Kaiseresch,2051,0.0
Kaiseresch,2052,0.0
Kaiseresch,2053,0.0
Kaiseresch,2054,0.0
Kaiseresch,2055,0.0
Kaiseresch,2056,0.0
Kaiseresch,2057,0.0
Kaiseresch,2058,0.0
Kaiseresch,2059,0.0
Kaiseresch,2060,0.0
Kaiseresch,2061,0.0
Kaiseresch,2062,0.0
Kaiseresch,2063,0.0
Kaiseresch,2064,0.0
Kaiseresch,2065,0.0
Kaiseresch,2066,0.0
Kaiseresch,2067,0.0
Kaiseresch,2068,0.0
Kaiseresch,2069,0.0
Kaiseresch,2070,0.0
Kaiseresch,2071,0.0
Kaiseresch,2072,0.0
Kaiseresch,2073,0.0
Kaiseresch,2074,0.0
Kaiseresch,2075,0.0
Kaiseresch,2076,0.0
Kaiseresch,2077,0.0
Kaiseresch,2078,0.0
Kaiseresch,2079,0.0
Kaiseresch,2080,0.0
Kaiseresch,2081,0.0
Kaiseresch,2082,0.0
Kaiseresch,2083,0.0
Kaiseresch,2084,0.0
Kaiseresch,2085,0.0
Kaiseresch,2086,0.0
Kaiseresch,2087,0.0
Kaiseresch,2088,0.0
Kaiseresch,2089,0.0
Kaiseresch,2090,0.0
Kaiseresch,2091,0.0
Kaiseresch,2092,0.0
Kaiseresch,2093,0.0
Kaiseresch,2094,0.0
Kaiseresch,2095,0.0
Kaiseresch,2096,0.0
Kaiseresch,2097,0.0
Kaiseresch,2098,0.0
Kaiseresch,2099,0.0
Grundemmingen,2030,35.0
Grundemmingen,2031,70.0
Grundemmingen,2032,105.0
Grundemmingen,2033,140.0
Grundemmingen,2034,169.0
Grundemmingen,2035,190.0
Grundemmingen,2036,192.0
Grundemmingen,2037,192.0
Grundemmingen,2038,192.0
Grundemmingen,2039,192.0
Grundemmingen,2040,192.0
Grundemmingen,2041,192.0
Grundemmingen,2042,192.0
Grundemmingen,2043,192.0
Grundemmingen,2044,192.0
Grundemmingen,2045,192.0
Grundemmingen,2046,192.0
Grundemmingen,2047,192.0
Grundemmingen,2048,192.0
Grundemmingen,2049,192.0
Grundemmingen,2050,192.0
Grundemmingen,2051,150.0
Grundemmingen,2052,100.0
Grundemmingen,2053,50.0
Grundemmingen,2054,0.0
Grundemmingen,2055,0.0
Grundemmingen,2056,0.0
Grundemmingen,2057,0.0
Grundemmingen,2058,0.0
Grundemmingen,2059,0.0
Grundemmingen,2060,0.0
Grundemmingen,2061,0.0
Grundemmingen,2062,0.0
Grundemmingen,2063,0.0
Grundemmingen,2064,0.0
Grundemmingen,2065,0.0
Grundemmingen,2066,0.0
Grundemmingen,2067,0.0
Grundemmingen,2068,0.0
Grundemmingen,2069,0.0
Grundemmingen,2070,0.0
Grundemmingen,2071,0.0
Grundemmingen,2072,0.0
Grundemmingen,2073,0.0
Grundemmingen,2074,0.0
Grundemmingen,2075,0.0
Grundemmingen,2076,0.0
Grundemmingen,2077,0.0
Grundemmingen,2078,0.0
Grundemmingen,2079,0.0
Grundemmingen,2080,0.0
Grundemmingen,2081,0.0
Grundemmingen,2082,0.0
Grundemmingen,2083,0.0
Grundemmingen,2084,0.0
Grundemmingen,2085,0.0
Grundemmingen,2086,0.0
Grundemmingen,2087,0.0
Grundemmingen,2088,0.0
Grundemmingen,2089,0.0
Grundemmingen,2090,0.0
Grundemmingen,2091,0.0
Grundemmingen,2092,0.0
Grundemmingen,2093,0.0
Grundemmingen,2094,0.0
Grundemmingen,2095,0.0
Grundemmingen,2096,0.0
Grundemmingen,2097,0.0
Grundemmingen,2098,0.0
Grundemmingen,2099,0.0
Stade,2030,0.0
Stade,2031,0.0
Stade,2032,0.0
Stade,2033,0.0
Stade,2034,0.0
Stade,2035,0.0
Stade,2036,0.0
Stade,2037,0.0
Stade,2038,0.0
Stade,2039,0.0
Stade,2040,0.0
Stade,2041,0.0
Stade,2042,0.0
Stade,2043,0.0
Stade,2044,0.0
Stade,2045,0.0
Stade,2046,0.0
Stade,2047,0.0
Stade,2048,0.0
Stade,2049,0.0
Stade,2050,0.0
Stade,2051,0.0
Stade,2052,0.0
Stade,2053,0.0
Stade,2054,0.0
Stade,2055,0.0
Stade,2056,0.0
Stade,2057,0.0
Stade,2058,0.0
Stade,2059,0.0
Stade,2060,0.0
Stade,2061,0.0
Stade,2062,0.0
Stade,2063,0.0
Stade,2064,0.0
Stade,2065,0.0
Stade,2066,0.0
Stade,2067,0.0
Stade,2068,0.0
Stade,2069,0.0
Stade,2070,0.0
Stade,2071,0.0
Stade,2072,0.0
Stade,2073,0.0
Stade,2074,0.0
Stade,2075,0.0
Stade,2076,0.0
Stade,2077,0.0
Stade,2078,0.0
Stade,2079,0.0
Stade,2080,0.0
Stade,2081,0.0
Stade,2082,0.0
Stade,2083,0.0
Stade,2084,0.0
Stade,2085,0.0
Stade,2086,0.0
Stade,2087,0.0
Stade,2088,0.0
Stade,2089,0.0
Stade,2090,0.0
Stade,2091,0.0
Stade,2092,0.0
Stade,2093,0.0
Stade,2094,0.0
Stade,2095,0.0
Stade,2096,0.0
Stade,2097,0.0
Stade,2098,0.0
Stade,2099,0.0
Unterweser,2030,-0.0
Unterweser,2031,-0.0
Unterweser,2032,-0.0
Unterweser,2033,-0.0
Unterweser,2034,0.0
Unterweser,2035,0.0
Unterweser,2036,0.0
Unterweser,2037,0.0
Unterweser,2038,0.0
Unterweser,2039,0.0
Unterweser,2040,0.0
Unterweser,2041,0.0
Unterweser,2042,0.0
Unterweser,2043,0.0
Unterweser,2044,0.0
Unterweser,2045,0.0
Unterweser,2046,0.0
Unterweser,2047,0.0
Unterweser,2048,0.0
Unterweser,2049,0.0
Unterweser,2050,0.0
Unterweser,2051,0.0
Unterweser,2052,0.0
Unterweser,2053,0.0
Unterweser,2054,0.0
Unterweser,2055,0.0
Unterweser,2056,0.0
Unterweser,2057,0.0
Unterweser,2058,0.0
Unterweser,2059,0.0
Unterweser,2060,0.0
Unterweser,2061,0.0
Unterweser,2062,0.0
Unterweser,2063,0.0
Unterweser,2064,0.0
Unterweser,2065,0.0
Unterweser,2066,0.0
Unterweser,2067,0.0
Unterweser,2068,0.0
Unterweser,2069,0.0
Unterweser,2070,0.0
Unterweser,2071,0.0
Unterweser,2072,0.0
Unterweser,2073,0.0
Unterweser,2074,0.0
Unterweser,2075,0.0
Unterweser,2076,0.0
Unterweser,2077,0.0
Unterweser,2078,0.0
Unterweser,2079,0.0
Unterweser,2080,0.0
Unterweser,2081,0.0
Unterweser,2082,0.0
Unterweser,2083,0.0
Unterweser,2084,0.0
Unterweser,2085,0.0
Unterweser,2086,0.0
Unterweser,2087,0.0
Unterweser,2088,0.0
Unterweser,2089,0.0
Unterweser,2090,0.0
Unterweser,2091,0.0
Unterweser,2092,0.0
Unterweser,2093,0.0
Unterweser,2094,0.0
Unterweser,2095,0.0
Unterweser,2096,0.0
Unterweser,2097,0.0
Unterweser,2098,0.0
Unterweser,2099,0.0
Krümmel,2030,-0.0
Krümmel,2031,-0.0
Krümmel,2032,-0.0
Krümmel,2033,-0.0
Krümmel,2034,-0.0
Krümmel,2035,0.0
Krümmel,2036,0.0
Krümmel,2037,0.0
Krümmel,2038,0.0
Krümmel,2039,0.0
Krümmel,2040,0.0
Krümmel,2041,0.0
Krümmel,2042,0.0
Krümmel,2043,0.0
Krümmel,2044,0.0
Krümmel,2045,0.0
Krümmel,2046,0.0
Krümmel,2047,0.0
Krümmel,2048,0.0
Krümmel,2049,0.0
Krümmel,2050,0.0
Krümmel,2051,0.0
Krümmel,2052,0.0
Krümmel,2053,0.0
Krümmel,2054,0.0
Krümmel,2055,0.0
Krümmel,2056,0.0
Krümmel,2057,0.0
Krümmel,2058,0.0
Krümmel,2059,0.0
Krümmel,2060,0.0
Krümmel,2061,0.0
Krümmel,2062,0.0
Krümmel,2063,0.0
Krümmel,2064,0.0
Krümmel,2065,0.0
Krümmel,2066,0.0
Krümmel,2067,0.0
Krümmel,2068,0.0
Krümmel,2069,0.0
Krümmel,2070,0.0
Krümmel,2071,0.0
Krümmel,2072,0.0
Krümmel,2073,0.0
Krümmel,2074,0.0
Krümmel,2075,0.0
Krümmel,2076,0.0
Krümmel,2077,0.0
Krümmel,2078,0.0
Krümmel,2079,0.0
Krümmel,2080,0.0
Krümmel,2081,0.0
Krümmel,2082,0.0
Krümmel,2083,0.0
Krümmel,2084,0.0
Krümmel,2085,0.0
Krümmel,2086,0.0
Krümmel,2087,0.0
Krümmel,2088,0.0
Krümmel,2089,0.0
Krümmel,2090,0.0
Krümmel,2091,0.0
Krümmel,2092,0.0
Krümmel,2093,0.0
Krümmel,2094,0.0
Krümmel,2095,0.0
Krümmel,2096,0.0
Krümmel,2097,0.0
Krümmel,2098,0.0
Krümmel,2099,0.0
HC Gorleben,2030,0.0
HC Gorleben,2031,0.0
HC Gorleben,2032,0.0
HC Gorleben,2033,0.0
HC Gorleben,2034,0.0
HC Gorleben,2035,0.0
HC Gorleben,2036,0.0
HC Gorleben,2037,0.0
HC Gorleben,2038,0.0
HC Gorleben,2039,0.0
HC Gorleben,2040,0.0
HC Gorleben,2041,0.0
HC Gorleben,2042,0.0
HC Gorleben,2043,0.0
HC Gorleben,2044,0.0
HC Gorleben,2045,0.0
HC Gorleben,2046,0.0
HC Gorleben,2047,0.0
HC Gorleben,2048,0.0
HC Gorleben,2049,0.0
HC Gorleben,2050,0.0
HC Gorleben,2051,0.0
HC Gorleben,2052,0.0
HC Gorleben,2053,0.0
HC Gorleben,2054,0.0
HC Gorleben,2055,0.0
HC Gorleben,2056,0.0
HC Gorleben,2057,0.0
HC Gorleben,2058,0.0
HC Gorleben,2059,0.0
HC Gorleben,2060,0.0
HC Gorleben,2061,0.0
HC Gorleben,2062,0.0
HC Gorleben,2063,0.0
HC Gorleben,2064,0.0
HC Gorleben,2065,0.0
HC Gorleben,2066,0.0
HC Gorleben,2067,0.0
HC Gorleben,2068,0.0
HC Gorleben,2069,0.0
HC Gorleben,2070,0.0
HC Gorleben,2071,0.0
HC Gorleben,2072,0.0
HC Gorleben,2073,0.0
HC Gorleben,2074,0.0
HC Gorleben,2075,0.0
HC Gorleben,2076,0.0
HC Gorleben,2077,0.0
HC Gorleben,2078,0.0
HC Gorleben,2079,0.0
HC Gorleben,2080,0.0
HC Gorleben,2081,0.0
HC Gorleben,2082,0.0
HC Gorleben,2083,0.0
HC Gorleben,2084,0.0
HC Gorleben,2085,0.0
HC Gorleben,2086,0.0
HC Gorleben,2087,0.0
HC Gorleben,2088,0.0
HC Gorleben,2089,0.0
HC Gorleben,2090,0.0
HC Gorleben,2091,0.0
HC Gorleben,2092,0.0
HC Gorleben,2093,0.0
HC Gorleben,2094,0.0
HC Gorleben,2095,0.0
HC Gorleben,2096,0.0
HC Gorleben,2097,0.0
HC Gorleben,2098,0.0
HC Gorleben,2099,0.0
HC Ahaus,2030,0.0
HC Ahaus,2031,0.0
HC Ahaus,2032,0.0
HC Ahaus,2033,0.0
HC Ahaus,2034,0.0
HC Ahaus,2035,0.0
HC Ahaus,2036,0.0
HC Ahaus,2037,0.0
HC Ahaus,2038,0.0
HC Ahaus,2039,0.0
HC Ahaus,2040,0.0
HC Ahaus,2041,0.0
HC Ahaus,2042,0.0
HC Ahaus,2043,0.0
HC Ahaus,2044,0.0
HC Ahaus,2045,0.0
HC Ahaus,2046,0.0
HC Ahaus,2047,0.0
HC Ahaus,2048,0.0
HC Ahaus,2049,0.0
HC Ahaus,2050,0.0
HC Ahaus,2051,0.0
HC Ahaus,2052,0.0
HC Ahaus,2053,0.0
HC Ahaus,2054,0.0
HC Ahaus,2055,0.0
HC Ahaus,2056,0.0
HC Ahaus,2057,0.0
HC Ahaus,2058,0.0
HC Ahaus,2059,0.0
HC Ahaus,2060,0.0
HC Ahaus,2061,0.0
HC Ahaus,2062,0.0
HC Ahaus,2063,0.0
HC Ahaus,2064,0.0
HC Ahaus,2065,0.0
HC Ahaus,2066,0.0
HC Ahaus,2067,0.0
HC Ahaus,2068,0.0
HC Ahaus,2069,0.0
HC Ahaus,2070,0.0
HC Ahaus,2071,0.0
HC Ahaus,2072,0.0
HC Ahaus,2073,0.0
HC Ahaus,2074,0.0
HC Ahaus,2075,0.0
HC Ahaus,2076,0.0
HC Ahaus,2077,0.0
HC Ahaus,2078,0.0
HC Ahaus,2079,0.0
HC Ahaus,2080,0.0
HC Ahaus,2081,0.0
HC Ahaus,2082,0.0
HC Ahaus,2083,0.0
HC Ahaus,2084,0.0
HC Ahaus,2085,0.0
HC Ahaus,2086,0.0
HC Ahaus,2087,0.0
HC Ahaus,2088,0.0
HC Ahaus,2089,0.0
HC Ahaus,2090,0.0
HC Ahaus,2091,0.0
HC Ahaus,2092,0.0
HC Ahaus,2093,0.0
HC Ahaus,2094,0.0
HC Ahaus,2095,0.0
HC Ahaus,2096,0.0
HC Ahaus,2097,0.0
HC Ahaus,2098,0.0
HC Ahaus,2099,0.0
Ahaus_CISF,2030,0.0
Ahaus_CISF,2031,0.0
Ahaus_CISF,2032,0.0
Ahaus_CISF,2033,0.0
Ahaus_CISF,2034,0.0
Ahaus_CISF,2035,0.0
Ahaus_CISF,2036,0.0
Ahaus_CISF,2037,0.0
Ahaus_CISF,2038,0.0
Ahaus_CISF,2039,0.0
Ahaus_CISF,2040,0.0
Ahaus_CISF,2041,0.0
Ahaus_CISF,2042,0.0
Ahaus_CISF,2043,0.0
Ahaus_CISF,2044,0.0
Ahaus_CISF,2045,0.0
Ahaus_CISF,2046,0.0
Ahaus_CISF,2047,0.0
Ahaus_CISF,2048,0.0
Ahaus_CISF,2049,0.0
Ahaus_CISF,2050,0.0
Ahaus_CISF,2051,58.0
Ahaus_CISF,2052,108.0
Ahaus_CISF,2053,207.0
Ahaus_CISF,2054,307.0
Ahaus_CISF,2055,353.0
Ahaus_CISF,2056,353.0
Ahaus_CISF,2057,353.0
Ahaus_CISF,2058,353.0
Ahaus_CISF,2059,353.0
Ahaus_CISF,2060,353.0
Ahaus_CISF,2061,353.0
Ahaus_CISF,2062,353.0
Ahaus_CISF,2063,353.0
Ahaus_CISF,2064,353.0
Ahaus_CISF,2065,353.0
Ahaus_CISF,2066,353.0
Ahaus_CISF,2067,353.0
Ahaus_CISF,2068,353.0
Ahaus_CISF,2069,353.0
Ahaus_CISF,2070,353.0
Ahaus_CISF,2071,353.0
Ahaus_CISF,2072,353.0
Ahaus_CISF,2073,353.0
Ahaus_CISF,2074,353.0
Ahaus_CISF,2075,353.0
Ahaus_CISF,2076,353.0
Ahaus_CISF,2077,353.0
Ahaus_CISF,2078,353.0
Ahaus_CISF,2079,353.0
Ahaus_CISF,2080,353.0
Ahaus_CISF,2081,353.0
Ahaus_CISF,2082,353.0
Ahaus_CISF,2083,353.0
Ahaus_CISF,2084,353.0
Ahaus_CISF,2085,353.0
Ahaus_CISF,2086,353.0
Ahaus_CISF,2087,353.0
Ahaus_CISF,2088,353.0
Ahaus_CISF,2089,353.0
Ahaus_CISF,2090,353.0
Ahaus_CISF,2091,353.0
Ahaus_CISF,2092,353.0
Ahaus_CISF,2093,353.0
Ahaus_CISF,2094,353.0
Ahaus_CISF,2095,353.0
Ahaus_CISF,2096,353.0
Ahaus_CISF,2097,353.0
Ahaus_CISF,2098,353.0
Ahaus_CISF,2099,353.0
Grafenrheinfeld,2030,-0.0
Grafenrheinfeld,2031,-0.0
Grafenrheinfeld,2032,0.0
Grafenrheinfeld,2033,0.0
Grafenrheinfeld,2034,0.0
Grafenrheinfeld,2035,0.0
Grafenrheinfeld,2036,0.0
Grafenrheinfeld,2037,0.0
Grafenrheinfeld,2038,0.0
Grafenrheinfeld,2039,0.0
Grafenrheinfeld,2040,0.0
Grafenrheinfeld,2041,0.0
Grafenrheinfeld,2042,0.0
Grafenrheinfeld,2043,0.0
Grafenrheinfeld,2044,0.0
Grafenrheinfeld,2045,0.0
Grafenrheinfeld,2046,0.0
Grafenrheinfeld,2047,0.0
Grafenrheinfeld,2048,0.0
Grafenrheinfeld,2049,0.0
Grafenrheinfeld,2050,0.0
Grafenrheinfeld,2051,0.0
Grafenrheinfeld,2052,0.0
Grafenrheinfeld,2053,0.0
Grafenrheinfeld,2054,0.0
Grafenrheinfeld,2055,0.0
Grafenrheinfeld,2056,0.0
Grafenrheinfeld,2057,0.0
Grafenrheinfeld,2058,0.0
Grafenrheinfeld,2059,0.0
Grafenrheinfeld,2060,0.0
Grafenrheinfeld,2061,0.0
Grafenrheinfeld,2062,0.0
Grafenrheinfeld,2063,0.0
Grafenrheinfeld,2064,0.0
Grafenrheinfeld,2065,0.0
Grafenrheinfeld,2066,0.0
Grafenrheinfeld,2067,0.0
Grafenrheinfeld,2068,0.0
Grafenrheinfeld,2069,0.0
Grafenrheinfeld,2070,0.0
Grafenrheinfeld,2071,0.0
Grafenrheinfeld,2072,0.0
Grafenrheinfeld,2073,0.0
Grafenrheinfeld,2074,0.0
Grafenrheinfeld,2075,0.0
Grafenrheinfeld,2076,0.0
Grafenrheinfeld,2077,0.0
Grafenrheinfeld,2078,0.0
Grafenrheinfeld,2079,0.0
Grafenrheinfeld,2080,0.0
Grafenrheinfeld,2081,0.0
Grafenrheinfeld,2082,0.0
Grafenrheinfeld,2083,0.0
Grafenrheinfeld,2084,0.0
Grafenrheinfeld,2085,0.0
Grafenrheinfeld,2086,0.0
Grafenrheinfeld,2087,0.0
Grafenrheinfeld,2088,0.0
Grafenrheinfeld,2089,0.0
Grafenrheinfeld,2090,0.0
Grafenrheinfeld,2091,0.0
Grafenrheinfeld,2092,0.0
Grafenrheinfeld,2093,0.0
Grafenrheinfeld,2094,0.0
Grafenrheinfeld,2095,0.0
Grafenrheinfeld,2096,0.0
Grafenrheinfeld,2097,0.0
Grafenrheinfeld,2098,0.0
Grafenrheinfeld,2099,0.0
Biblis,2030,0.0
Biblis,2031,0.0
Biblis,2032,-0.0
Biblis,2033,-0.0
Biblis,2034,-0.0
Biblis,2035,-0.0
Biblis,2036,0.0
Biblis,2037,0.0
Biblis,2038,0.0
Biblis,2039,0.0
Biblis,2040,0.0
Biblis,2041,0.0
Biblis,2042,0.0
Biblis,2043,0.0
Biblis,2044,0.0
Biblis,2045,0.0
Biblis,2046,0.0
Biblis,2047,0.0
Biblis,2048,0.0
Biblis,2049,0.0
Biblis,2050,0.0
Biblis,2051,0.0
Biblis,2052,0.0
Biblis,2053,0.0
Biblis,2054,0.0
Biblis,2055,0.0
Biblis,2056,0.0
Biblis,2057,0.0
Biblis,2058,0.0
Biblis,2059,0.0
Biblis,2060,0.0
Biblis,2061,0.0
Biblis,2062,0.0
Biblis,2063,0.0
Biblis,2064,0.0
Biblis,2065,0.0
Biblis,2066,0.0
Biblis,2067,0.0
Biblis,2068,0.0
Biblis,2069,0.0
Biblis,2070,0.0
Biblis,2071,0.0
Biblis,2072,0.0
Biblis,2073,0.0
Biblis,2074,0.0
Biblis,2075,0.0
Biblis,2076,0.0
Biblis,2077,0.0
Biblis,2078,0.0
Biblis,2079,0.0
Biblis,2080,0.0
Biblis,2081,0.0
Biblis,2082,0.0
Biblis,2083,0.0
Biblis,2084,0.0
Biblis,2085,0.0
Biblis,2086,0.0
Biblis,2087,0.0
Biblis,2088,0.0
Biblis,2089,0.0
Biblis,2090,0.0
Biblis,2091,0.0
Biblis,2092,0.0
Biblis,2093,0.0
Biblis,2094,0.0
Biblis,2095,0.0
Biblis,2096,0.0
Biblis,2097,0.0
Biblis,2098,0.0
Biblis,2099,0.0
Neckarwestheim,2030,0.0
Neckarwestheim,2031,0.0
Neckarwestheim,2032,-0.0
Neckarwestheim,2033,-0.0
Neckarwestheim,2034,-0.0
Neckarwestheim,2035,8.0
Neckarwestheim,2036,33.0
Neckarwestheim,2037,62.0
Neckarwestheim,2038,91.0
Neckarwestheim,2039,120.0
Neckarwestheim,2040,149.0
Neckarwestheim,2041,151.0
Neckarwestheim,2042,151.0
Neckarwestheim,2043,151.0
Neckarwestheim,2044,151.0
Neckarwestheim,2045,151.0
Neckarwestheim,2046,151.0
Neckarwestheim,2047,151.0
Neckarwestheim,2048,151.0
Neckarwestheim,2049,151.0
Neckarwestheim,2050,151.0
Neckarwestheim,2051,101.0
Neckarwestheim,2052,51.0
Neckarwestheim,2053,50.0
Neckarwestheim,2054,0.0
Neckarwestheim,2055,0.0
Neckarwestheim,2056,0.0
Neckarwestheim,2057,0.0
Neckarwestheim,2058,0.0
Neckarwestheim,2059,0.0
Neckarwestheim,2060,0.0
Neckarwestheim,2061,0.0
Neckarwestheim,2062,0.0
Neckarwestheim,2063,0.0
Neckarwestheim,2064,0.0
Neckarwestheim,2065,0.0
Neckarwestheim,2066,0.0
Neckarwestheim,2067,0.0
Neckarwestheim,2068,0.0
Neckarwestheim,2069,0.0
Neckarwestheim,2070,0.0
Neckarwestheim,2071,0.0
Neckarwestheim,2072,0.0
Neckarwestheim,2073,0.0
Neckarwestheim,2074,0.0
Neckarwestheim,2075,0.0
Neckarwestheim,2076,0.0
Neckarwestheim,2077,0.0
Neckarwestheim,2078,0.0
Neckarwestheim,2079,0.0
Neckarwestheim,2080,0.0
Neckarwestheim,2081,0.0
Neckarwestheim,2082,0.0
Neckarwestheim,2083,0.0
Neckarwestheim,2084,0.0
Neckarwestheim,2085,0.0
Neckarwestheim,2086,0.0
Neckarwestheim,2087,0.0
Neckarwestheim,2088,0.0
Neckarwestheim,2089,0.0
Neckarwestheim,2090,0.0
Neckarwestheim,2091,0.0
Neckarwestheim,2092,0.0
Neckarwestheim,2093,0.0
Neckarwestheim,2094,0.0
Neckarwestheim,2095,0.0
Neckarwestheim,2096,0.0
Neckarwestheim,2097,0.0
Neckarwestheim,2098,0.0
Neckarwestheim,2099,0.0
Brokdorf,2030,-0.0
Brokdorf,2031,-0.0
Brokdorf,2032,-0.0
Brokdorf,2033,-0.0
Brokdorf,2034,-0.0
Brokdorf,2035,0.0
Brokdorf,2036,0.0
Brokdorf,2037,0.0
Brokdorf,2038,0.0
Brokdorf,2039,0.0
Brokdorf,2040,0.0
Brokdorf,2041,0.0
Brokdorf,2042,0.0
Brokdorf,2043,0.0
Brokdorf,2044,0.0
Brokdorf,2045,0.0
Brokdorf,2046,0.0
Brokdorf,2047,0.0
Brokdorf,2048,0.0
Brokdorf,2049,0.0
Brokdorf,2050,0.0
Brokdorf,2051,0.0
Brokdorf,2052,0.0
Brokdorf,2053,0.0
Brokdorf,2054,0.0
Brokdorf,2055,0.0
Brokdorf,2056,0.0
Brokdorf,2057,0.0
Brokdorf,2058,0.0
Brokdorf,2059,0.0
Brokdorf,2060,0.0
Brokdorf,2061,0.0
Brokdorf,2062,0.0
Brokdorf,2063,0.0
Brokdorf,2064,0.0
Brokdorf,2065,0.0
Brokdorf,2066,0.0
Brokdorf,2067,0.0
Brokdorf,2068,0.0
Brokdorf,2069,0.0
Brokdorf,2070,0.0
Brokdorf,2071,0.0
Brokdorf,2072,0.0
Brokdorf,2073,0.0
Brokdorf,2074,0.0
Brokdorf,2075,0.0
Brokdorf,2076,0.0
Brokdorf,2077,0.0
Brokdorf,2078,0.0
Brokdorf,2079,0.0
Brokdorf,2080,0.0
Brokdorf,2081,0.0
Brokdorf,2082,0.0
Brokdorf,2083,0.0
Brokdorf,2084,0.0
Brokdorf,2085,0.0
Brokdorf,2086,0.0
Brokdorf,2087,0.0
Brokdorf,2088,0.0
Brokdorf,2089,0.0
Brokdorf,2090,0.0
Brokdorf,2091,0.0
Brokdorf,2092,0.0
Brokdorf,2093,0.0
Brokdorf,2094,0.0
Brokdorf,2095,0.0
Brokdorf,2096,0.0
Brokdorf,2097,0.0
Brokdorf,2098,0.0
Brokdorf,2099,0.0
Crivitz,2030,0.0
Crivitz,2031,0.0
Crivitz,2032,0.0
Crivitz,2033,0.0
Crivitz,2034,0.0
Crivitz,2035,0.0
Crivitz,2036,0.0
Crivitz,2037,0.0
Crivitz,2038,0.0
Crivitz,2039,0.0
Crivitz,2040,0.0
Crivitz,2041,0.0
Crivitz,2042,0.0
Crivitz,2043,0.0
Crivitz,2044,0.0
Crivitz,2045,0.0
Crivitz,2046,0.0
Crivitz,2047,0.0
Crivitz,2048,0.0
Crivitz,2049,0.0
Crivitz,2050,0.0
Crivitz,2051,-0.0
Crivitz,2052,-0.0
Crivitz,2053,-0.0
Crivitz,2054,-0.0
Crivitz,2055,-0.0
Crivitz,2056,-0.0
Crivitz,2057,-0.0
Crivitz,2058,-0.0
Crivitz,2059,-0.0
Crivitz,2060,-0.0
Crivitz,2061,-0.0
Crivitz,2062,-0.0
Crivitz,2063,-0.0
Crivitz,2064,-0.0
Crivitz,2065,-0.0
Crivitz,2066,-0.0
Crivitz,2067,-0.0
Crivitz,2068,-0.0
Crivitz,2069,-0.0
Crivitz,2070,-0.0
Crivitz,2071,-0.0
Crivitz,2072,-0.0
Crivitz,2073,-0.0
Crivitz,2074,-0.0
Crivitz,2075,-0.0
Crivitz,2076,-0.0
Crivitz,2077,-0.0
Crivitz,2078,-0.0
Crivitz,2079,-0.0
Crivitz,2080,-0.0
Crivitz,2081,-0.0
Crivitz,2082,-0.0
Crivitz,2083,-0.0
Crivitz,2084,-0.0
Crivitz,2085,-0.0
Crivitz,2086,-0.0
Crivitz,2087,-0.0
Crivitz,2088,-0.0
Crivitz,2089,-0.0
Crivitz,2090,-0.0
Crivitz,2091,-0.0
Crivitz,2092,-0.0
Crivitz,2093,-0.0
Crivitz,2094,-0.0
Crivitz,2095,-0.0
Crivitz,2096,-0.0
Crivitz,2097,-0.0
Crivitz,2098,-0.0
Crivitz,2099,-0.0
Oberdachstetten,2030,0.0
Oberdachstetten,2031,0.0
Oberdachstetten,2032,0.0
Oberdachstetten,2033,0.0
Oberdachstetten,2034,0.0
Oberdachstetten,2035,0.0
Oberdachstetten,2036,0.0
Oberdachstetten,2037,0.0
Oberdachstetten,2038,0.0
Oberdachstetten,2039,0.0
Oberdachstetten,2040,0.0
Oberdachstetten,2041,0.0
Oberdachstetten,2042,0.0
Oberdachstetten,2043,0.0
Oberdachstetten,2044,0.0
Oberdachstetten,2045,0.0
Oberdachstetten,2046,0.0
Oberdachstetten,2047,0.0
Oberdachstetten,2048,0.0
Oberdachstetten,2049,0.0
Oberdachstetten,2050,0.0
Oberdachstetten,2051,0.0
Oberdachstetten,2052,0.0
Oberdachstetten,2053,0.0
Oberdachstetten,2054,0.0
Oberdachstetten,2055,0.0
Oberdachstetten,2056,0.0
Oberdachstetten,2057,0.0
Oberdachstetten,2058,0.0
Oberdachstetten,2059,0.0
Oberdachstetten,2060,0.0
Oberdachstetten,2061,0.0
Oberdachstetten,2062,0.0
Oberdachstetten,2063,0.0
Oberdachstetten,2064,0.0
Oberdachstetten,2065,0.0
Oberdachstetten,2066,0.0
Oberdachstetten,2067,0.0
Oberdachstetten,2068,0.0
Oberdachstetten,2069,0.0
Oberdachstetten,2070,0.0
Oberdachstetten,2071,0.0
Oberdachstetten,2072,0.0
Oberdachstetten,2073,0.0
Oberdachstetten,2074,0.0
Oberdachstetten,2075,0.0
Oberdachstetten,2076,0.0
Oberdachstetten,2077,0.0
Oberdachstetten,2078,0.0
Oberdachstetten,2079,0.0
Oberdachstetten,2080,0.0
Oberdachstetten,2081,0.0
Oberdachstetten,2082,0.0
Oberdachstetten,2083,0.0
Oberdachstetten,2084,0.0
Oberdachstetten,2085,0.0
Oberdachstetten,2086,0.0
Oberdachstetten,2087,0.0
Oberdachstetten,2088,0.0
Oberdachstetten,2089,0.0
Oberdachstetten,2090,0.0
Oberdachstetten,2091,0.0
Oberdachstetten,2092,0.0
Oberdachstetten,2093,0.0
Oberdachstetten,2094,0.0
Oberdachstetten,2095,0.0
Oberdachstetten,2096,0.0
Oberdachstetten,2097,0.0
Oberdachstetten,2098,0.0
Oberdachstetten,2099,0.0
Ahaus,2030,-0.0
Ahaus,2031,-0.0
Ahaus,2032,-0.0
Ahaus,2033,0.0
Ahaus,2034,8.0
Ahaus,2035,43.0
Ahaus,2036,78.0
Ahaus,2037,113.0
Ahaus,2038,148.0
Ahaus,2039,183.0
Ahaus,2040,218.0
Ahaus,2041,246.0
Ahaus,2042,246.0
Ahaus,2043,246.0
Ahaus,2044,246.0
Ahaus,2045,246.0
Ahaus,2046,246.0
Ahaus,2047,246.0
Ahaus,2048,246.0
Ahaus,2049,246.0
Ahaus,2050,246.0
Ahaus,2051,196.0
Ahaus,2052,146.0
Ahaus,2053,96.0
Ahaus,2054,46.0
Ahaus,2055,0.0
Ahaus,2056,0.0
Ahaus,2057,0.0
Ahaus,2058,0.0
Ahaus,2059,0.0
Ahaus,2060,0.0
Ahaus,2061,0.0
Ahaus,2062,0.0
Ahaus,2063,0.0
Ahaus,2064,0.0
Ahaus,2065,0.0
Ahaus,2066,0.0
Ahaus,2067,0.0
Ahaus,2068,0.0
Ahaus,2069,0.0
Ahaus,2070,0.0
Ahaus,2071,0.0
Ahaus,2072,0.0
Ahaus,2073,0.0
Ahaus,2074,0.0
Ahaus,2075,0.0
Ahaus,2076,0.0
Ahaus,2077,0.0
Ahaus,2078,0.0
Ahaus,2079,0.0
Ahaus,2080,0.0
Ahaus,2081,0.0
Ahaus,2082,0.0
Ahaus,2083,0.0
Ahaus,2084,0.0
Ahaus,2085,0.0
Ahaus,2086,0.0
Ahaus,2087,0.0
Ahaus,2088,0.0
Ahaus,2089,0.0
Ahaus,2090,0.0
Ahaus,2091,0.0
Ahaus,2092,0.0
Ahaus,2093,0.0
Ahaus,2094,0.0
Ahaus,2095,0.0
Ahaus,2096,0.0
Ahaus,2097,0.0
Ahaus,2098,0.0
Ahaus,2099,0.0
Arnstadt,2030,0.0
Arnstadt,2031,0.0
Arnstadt,2032,0.0
Arnstadt,2033,0.0
Arnstadt,2034,0.0
Arnstadt,2035,0.0
Arnstadt,2036,0.0
Arnstadt,2037,0.0
Arnstadt,2038,0.0
Arnstadt,2039,0.0
Arnstadt,2040,0.0
Arnstadt,2041,0.0
Arnstadt,2042,0.0
Arnstadt,2043,0.0
Arnstadt,2044,0.0
Arnstadt,2045,0.0
Arnstadt,2046,0.0
Arnstadt,2047,0.0
Arnstadt,2048,0.0
Arnstadt,2049,0.0
Arnstadt,2050,0.0
Arnstadt,2051,0.0
Arnstadt,2052,0.0
Arnstadt,2053,0.0
Arnstadt,2054,0.0
Arnstadt,2055,0.0
Arnstadt,2056,0.0
Arnstadt,2057,0.0
Arnstadt,2058,0.0
Arnstadt,2059,0.0
Arnstadt,2060,0.0
Arnstadt,2061,0.0
Arnstadt,2062,0.0
Arnstadt,2063,0.0
Arnstadt,2064,0.0
Arnstadt,2065,0.0
Arnstadt,2066,0.0
Arnstadt,2067,0.0
Arnstadt,2068,0.0
Arnstadt,2069,0.0
Arnstadt,2070,0.0
Arnstadt,2071,0.0
Arnstadt,2072,0.0
Arnstadt,2073,0.0
Arnstadt,2074,0.0
Arnstadt,2075,0.0
Arnstadt,2076,0.0
Arnstadt,2077,0.0
Arnstadt,2078,0.0
Arnstadt,2079,0.0
Arnstadt,2080,0.0
Arnstadt,2081,0.0
Arnstadt,2082,0.0
Arnstadt,2083,0.0
Arnstadt,2084,0.0
Arnstadt,2085,0.0
Arnstadt,2086,0.0
Arnstadt,2087,0.0
Arnstadt,2088,0.0
Arnstadt,2089,0.0
Arnstadt,2090,0.0
Arnstadt,2091,0.0
Arnstadt,2092,0.0
Arnstadt,2093,0.0
Arnstadt,2094,0.0
Arnstadt,2095,0.0
Arnstadt,2096,0.0
Arnstadt,2097,0.0
Arnstadt,2098,0.0
Arnstadt,2099,0.0
Hann. Münden,2030,0.0
Hann. Münden,2031,0.0
Hann. Münden,2032,0.0
Hann. Münden,2033,0.0
Hann. Münden,2034,0.0
Hann. Münden,2035,0.0
Hann. Münden,2036,0.0
Hann. Münden,2037,0.0
Hann. Münden,2038,0.0
Hann. Münden,2039,0.0
Hann. Münden,2040,0.0
Hann. Münden,2041,0.0
Hann. Münden,2042,0.0
Hann. Münden,2043,0.0
Hann. Münden,2044,0.0
Hann. Münden,2045,0.0
Hann. Münden,2046,0.0
Hann. Münden,2047,0.0
Hann. Münden,2048,0.0
Hann. Münden,2049,0.0
Hann. Münden,2050,0.0
Hann. Münden,2051,0.0
Hann. Münden,2052,0.0
Hann. Münden,2053,0.0
Hann. Münden,2054,0.0
Hann. Münden,2055,0.0
Hann. Münden,2056,0.0
Hann. Münden,2057,0.0
Hann. Münden,2058,0.0
Hann. Münden,2059,0.0
Hann. Münden,2060,0.0
Hann. Münden,2061,0.0
Hann. Münden,2062,0.0
Hann. Münden,2063,0.0
Hann. Münden,2064,0.0
Hann. Münden,2065,0.0
Hann. Münden,2066,0.0
Hann. Münden,2067,0.0
Hann. Münden,2068,0.0
Hann. Münden,2069,0.0
Hann. Münden,2070,0.0
Hann. Münden,2071,0.0
Hann. Münden,2072,0.0
Hann. Münden,2073,0.0
Hann. Münden,2074,0.0
Hann. Münden,2075,0.0
Hann. Münden,2076,0.0
Hann. Münden,2077,0.0
Hann. Münden,2078,0.0
Hann. Münden,2079,0.0
Hann. Münden,2080,0.0
Hann. Münden,2081,0.0
Hann. Münden,2082,0.0
Hann. Münden,2083,0.0
Hann. Münden,2084,0.0
Hann. Münden,2085,0.0
Hann. Münden,2086,0.0
Hann. Münden,2087,0.0
Hann. Münden,2088,0.0
Hann. Münden,2089,0.0
Hann. Münden,2090,0.0
Hann. Münden,2091,0.0
Hann. Münden,2092,0.0
Hann. Münden,2093,0.0
Hann. Münden,2094,0.0
Hann. Münden,2095,0.0
Hann. Münden,2096,0.0
Hann. Münden,2097,0.0
Hann. Münden,2098,0.0
Hann. Münden,2099,0.0
Brunsbüttel,2030,-0.0
Brunsbüttel,2031,-0.0
Brunsbüttel,2032,0.0
Brunsbüttel,2033,-0.0
Brunsbüttel,2034,-0.0
Brunsbüttel,2035,0.0
Brunsbüttel,2036,0.0
Brunsbüttel,2037,0.0
Brunsbüttel,2038,0.0
Brunsbüttel,2039,0.0
Brunsbüttel,2040,0.0
Brunsbüttel,2041,0.0
Brunsbüttel,2042,0.0
Brunsbüttel,2043,0.0
Brunsbüttel,2044,0.0
Brunsbüttel,2045,0.0
Brunsbüttel,2046,0.0
Brunsbüttel,2047,0.0
Brunsbüttel,2048,0.0
Brunsbüttel,2049,0.0
Brunsbüttel,2050,0.0
Brunsbüttel,2051,0.0
Brunsbüttel,2052,0.0
Brunsbüttel,2053,0.0
Brunsbüttel,2054,0.0
Brunsbüttel,2055,0.0
Brunsbüttel,2056,0.0
Brunsbüttel,2057,0.0
Brunsbüttel,2058,0.0
Brunsbüttel,2059,0.0
Brunsbüttel,2060,0.0
Brunsbüttel,2061,0.0
Brunsbüttel,2062,0.0
Brunsbüttel,2063,0.0
Brunsbüttel,2064,0.0
Brunsbüttel,2065,0.0
Brunsbüttel,2066,0.0
Brunsbüttel,2067,0.0
Brunsbüttel,2068,0.0
Brunsbüttel,2069,0.0
Brunsbüttel,2070,0.0
Brunsbüttel,2071,0.0
Brunsbüttel,2072,0.0
Brunsbüttel,2073,0.0
Brunsbüttel,2074,0.0
Brunsbüttel,2075,0.0
Brunsbüttel,2076,0.0
Brunsbüttel,2077,0.0
Brunsbüttel,2078,0.0
Brunsbüttel,2079,0.0
Brunsbüttel,2080,0.0
Brunsbüttel,2081,0.0
Brunsbüttel,2082,0.0
Brunsbüttel,2083,0.0
Brunsbüttel,2084,0.0
Brunsbüttel,2085,0.0
Brunsbüttel,2086,0.0
Brunsbüttel,2087,0.0
Brunsbüttel,2088,0.0
Brunsbüttel,2089,0.0
Brunsbüttel,2090,0.0
Brunsbüttel,2091,0.0
Brunsbüttel,2092,0.0
Brunsbüttel,2093,0.0
Brunsbüttel,2094,0.0
Brunsbüttel,2095,0.0
Brunsbüttel,2096,0.0
Brunsbüttel,2097,0.0
Brunsbüttel,2098,0.0
Brunsbüttel,2099,0.0
Gardelegen,2030,0.0
Gardelegen,2031,0.0
Gardelegen,2032,0.0
Gardelegen,2033,0.0
Gardelegen,2034,0.0
Gardelegen,2035,0.0
Gardelegen,2036,0.0
Gardelegen,2037,0.0
Gardelegen,2038,0.0
Gardelegen,2039,0.0
Gardelegen,2040,0.0
Gardelegen,2041,0.0
Gardelegen,2042,0.0
Gardelegen,2043,0.0
Gardelegen,2044,0.0
Gardelegen,2045,0.0
Gardelegen,2046,0.0
Gardelegen,2047,0.0
Gardelegen,2048,0.0
Gardelegen,2049,0.0
Gardelegen,2050,0.0
Gardelegen,2051,50.0
Gardelegen,2052,100.0
Gardelegen,2053,150.0
Gardelegen,2054,200.0
Gardelegen,2055,229.0
Gardelegen,2056,229.0
Gardelegen,2057,229.0
Gardelegen,2058,229.0
Gardelegen,2059,229.0
Gardelegen,2060,229.0
Gardelegen,2061,229.0
Gardelegen,2062,229.0
Gardelegen,2063,229.0
Gardelegen,2064,229.0
Gardelegen,2065,229.0
Gardelegen,2066,229.0
Gardelegen,2067,229.0
Gardelegen,2068,229.0
Gardelegen,2069,229.0
Gardelegen,2070,229.0
Gardelegen,2071,229.0
Gardelegen,2072,229.0
Gardelegen,2073,229.0
Gardelegen,2074,229.0
Gardelegen,2075,229.0
Gardelegen,2076,229.0
Gardelegen,2077,229.0
Gardelegen,2078,229.0
Gardelegen,2079,229.0
Gardelegen,2080,229.0
Gardelegen,2081,229.0
Gardelegen,2082,229.0
Gardelegen,2083,229.0
Gardelegen,2084,229.0
Gardelegen,2085,229.0
Gardelegen,2086,229.0
Gardelegen,2087,229.0
Gardelegen,2088,229.0
Gardelegen,2089,229.0
Gardelegen,2090,229.0
Gardelegen,2091,229.0
Gardelegen,2092,229.0
Gardelegen,2093,229.0
Gardelegen,2094,229.0
Gardelegen,2095,229.0
Gardelegen,2096,229.0
Gardelegen,2097,229.0
Gardelegen,2098,229.0
Gardelegen,2099,229.0
Lubmin,2030,-0.0
Lubmin,2031,-0.0
Lubmin,2032,-0.0
Lubmin,2033,0.0
Lubmin,2034,0.0
Lubmin,2035,0.0
Lubmin,2036,0.0
Lubmin,2037,0.0
Lubmin,2038,0.0
Lubmin,2039,0.0
Lubmin,2040,0.0
Lubmin,2041,0.0
Lubmin,2042,0.0
Lubmin,2043,0.0
Lubmin,2044,0.0
Lubmin,2045,0.0
Lubmin,2046,0.0
Lubmin,2047,0.0
Lubmin,2048,0.0
Lubmin,2049,0.0
Lubmin,2050,0.0
Lubmin,2051,0.0
Lubmin,2052,0.0
Lubmin,2053,0.0
Lubmin,2054,0.0
Lubmin,2055,0.0
Lubmin,2056,0.0
Lubmin,2057,0.0
Lubmin,2058,0.0
Lubmin,2059,0.0
Lubmin,2060,0.0
Lubmin,2061,0.0
Lubmin,2062,0.0
Lubmin,2063,0.0
Lubmin,2064,0.0
Lubmin,2065,0.0
Lubmin,2066,0.0
Lubmin,2067,0.0
Lubmin,2068,0.0
Lubmin,2069,0.0
Lubmin,2070,0.0
Lubmin,2071,0.0
Lubmin,2072,0.0
Lubmin,2073,0.0
Lubmin,2074,0.0
Lubmin,2075,0.0
Lubmin,2076,0.0
Lubmin,2077,0.0
Lubmin,2078,0.0
Lubmin,2079,0.0
Lubmin,2080,0.0
Lubmin,2081,0.0
Lubmin,2082,0.0
Lubmin,2083,0.0
Lubmin,2084,0.0
Lubmin,2085,0.0
Lubmin,2086,0.0
Lubmin,2087,0.0
Lubmin,2088,0.0
Lubmin,2089,0.0
Lubmin,2090,0.0
Lubmin,2091,0.0
Lubmin,2092,0.0
Lubmin,2093,0.0
Lubmin,2094,0.0
Lubmin,2095,0.0
Lubmin,2096,0.0
Lubmin,2097,0.0
Lubmin,2098,0.0
Lubmin,2099,0.0
Kuchen,2030,0.0
Kuchen,2031,0.0
Kuchen,2032,0.0
Kuchen,2033,0.0
Kuchen,2034,0.0
Kuchen,2035,0.0
Kuchen,2036,0.0
Kuchen,2037,0.0
Kuchen,2038,0.0
Kuchen,2039,0.0
Kuchen,2040,0.0
Kuchen,2041,0.0
Kuchen,2042,0.0
Kuchen,2043,0.0
Kuchen,2044,0.0
Kuchen,2045,0.0
Kuchen,2046,0.0
Kuchen,2047,0.0
Kuchen,2048,0.0
Kuchen,2049,0.0
Kuchen,2050,0.0
Kuchen,2051,142.0
Kuchen,2052,292.0
Kuchen,2053,393.0
Kuchen,2054,493.0
Kuchen,2055,493.0
Kuchen,2056,493.0
Kuchen,2057,493.0
Kuchen,2058,493.0
Kuchen,2059,493.0
Kuchen,2060,493.0
Kuchen,2061,493.0
Kuchen,2062,493.0
Kuchen,2063,493.0
Kuchen,2064,493.0
Kuchen,2065,493.0
Kuchen,2066,493.0
Kuchen,2067,493.0
Kuchen,2068,493.0
Kuchen,2069,493.0
Kuchen,2070,493.0
Kuchen,2071,493.0
Kuchen,2072,493.0
Kuchen,2073,493.0
Kuchen,2074,493.0
Kuchen,2075,493.0
Kuchen,2076,493.0
Kuchen,2077,493.0
Kuchen,2078,493.0
Kuchen,2079,493.0
Kuchen,2080,493.0
Kuchen,2081,493.0
Kuchen,2082,493.0
Kuchen,2083,493.0
Kuchen,2084,493.0
Kuchen,2085,493.0
Kuchen,2086,493.0
Kuchen,2087,493.0
Kuchen,2088,493.0
Kuchen,2089,493.0
Kuchen,2090,493.0
Kuchen,2091,493.0
Kuchen,2092,493.0
Kuchen,2093,493.0
Kuchen,2094,493.0
Kuchen,2095,493.0
Kuchen,2096,493.0
Kuchen,2097,493.0
Kuchen,2098,493.0
Kuchen,2099,493.0
HC Karlsruhe,2030,0.0
HC Karlsruhe,2031,0.0
HC Karlsruhe,2032,0.0
HC Karlsruhe,2033,0.0
HC Karlsruhe,2034,0.0
HC Karlsruhe,2035,0.0
HC Karlsruhe,2036,0.0
HC Karlsruhe,2037,0.0
HC Karlsruhe,2038,0.0
HC Karlsruhe,2039,0.0
HC Karlsruhe,2040,0.0
HC Karlsruhe,2041,0.0
HC Karlsruhe,2042,0.0
HC Karlsruhe,2043,0.0
HC Karlsruhe,2044,0.0
HC Karlsruhe,2045,0.0
HC Karlsruhe,2046,0.0
HC Karlsruhe,2047,0.0
HC Karlsruhe,2048,0.0
HC Karlsruhe,2049,0.0
HC Karlsruhe,2050,0.0
HC Karlsruhe,2051,0.0
HC Karlsruhe,2052,0.0
HC Karlsruhe,2053,0.0
HC Karlsruhe,2054,0.0
HC Karlsruhe,2055,0.0
HC Karlsruhe,2056,0.0
HC Karlsruhe,2057,0.0
HC Karlsruhe,2058,0.0
HC Karlsruhe,2059,0.0
HC Karlsruhe,2060,0.0
HC Karlsruhe,2061,0.0
HC Karlsruhe,2062,0.0
HC Karlsruhe,2063,0.0
HC Karlsruhe,2064,0.0
HC Karlsruhe,2065,0.0
HC Karlsruhe,2066,0.0
HC Karlsruhe,2067,0.0
HC Karlsruhe,2068,0.0
HC Karlsruhe,2069,0.0
HC Karlsruhe,2070,0.0
HC Karlsruhe,2071,0.0
HC Karlsruhe,2072,0.0
HC Karlsruhe,2073,0.0
HC Karlsruhe,2074,0.0
HC Karlsruhe,2075,0.0
HC Karlsruhe,2076,0.0
HC Karlsruhe,2077,0.0
HC Karlsruhe,2078,0.0
HC Karlsruhe,2079,0.0
HC Karlsruhe,2080,0.0
HC Karlsruhe,2081,0.0
HC Karlsruhe,2082,0.0
HC Karlsruhe,2083,0.0
HC Karlsruhe,2084,0.0
HC Karlsruhe,2085,0.0
HC Karlsruhe,2086,0.0
HC Karlsruhe,2087,0.0
HC Karlsruhe,2088,0.0
HC Karlsruhe,2089,0.0
HC Karlsruhe,2090,0.0
HC Karlsruhe,2091,0.0
HC Karlsruhe,2092,0.0
HC Karlsruhe,2093,0.0
HC Karlsruhe,2094,0.0
HC Karlsruhe,2095,0.0
HC Karlsruhe,2096,0.0
HC Karlsruhe,2097,0.0
HC Karlsruhe,2098,0.0
HC Karlsruhe,2099,0.0
Lingen,2030,4.0
Lingen,2031,20.0
Lingen,2032,45.0
Lingen,2033,80.0
Lingen,2034,107.0
Lingen,2035,107.0
Lingen,2036,107.0
Lingen,2037,107.0
Lingen,2038,107.0
Lingen,2039,107.0
Lingen,2040,107.0
Lingen,2041,107.0
Lingen,2042,107.0
Lingen,2043,107.0
Lingen,2044,107.0
Lingen,2045,107.0
Lingen,2046,107.0
Lingen,2047,107.0
Lingen,2048,107.0
Lingen,2049,107.0
Lingen,2050,107.0
Lingen,2051,99.0
Lingen,2052,99.0
Lingen,2053,50.0
Lingen,2054,0.0
Lingen,2055,0.0
Lingen,2056,0.0
Lingen,2057,0.0
Lingen,2058,0.0
Lingen,2059,0.0
Lingen,2060,0.0
Lingen,2061,0.0
Lingen,2062,0.0
Lingen,2063,0.0
Lingen,2064,0.0
Lingen,2065,0.0
Lingen,2066,0.0
Lingen,2067,0.0
Lingen,2068,0.0
Lingen,2069,0.0
Lingen,2070,0.0
Lingen,2071,0.0
Lingen,2072,0.0
Lingen,2073,0.0
Lingen,2074,0.0
Lingen,2075,0.0
Lingen,2076,0.0
Lingen,2077,0.0
Lingen,2078,0.0
Lingen,2079,0.0
Lingen,2080,0.0
Lingen,2081,0.0
Lingen,2082,0.0
Lingen,2083,0.0
Lingen,2084,0.0
Lingen,2085,0.0
Lingen,2086,0.0
Lingen,2087,0.0
Lingen,2088,0.0
Lingen,2089,0.0
Lingen,2090,0.0
Lingen,2091,0.0
Lingen,2092,0.0
Lingen,2093,0.0
Lingen,2094,0.0
Lingen,2095,0.0
Lingen,2096,0.0
Lingen,2097,0.0
Lingen,2098,0.0
Lingen,2099,0.0
Philippsburg,2030,0.0
Philippsburg,2031,0.0
Philippsburg,2032,-0.0
Philippsburg,2033,-0.0
Philippsburg,2034,6.0
Philippsburg,2035,13.0
Philippsburg,2036,20.0
Philippsburg,2037,26.0
Philippsburg,2038,32.0
Philippsburg,2039,38.0
Philippsburg,2040,44.0
Philippsburg,2041,77.0
Philippsburg,2042,112.0
Philippsburg,2043,147.0
Philippsburg,2044,150.0
Philippsburg,2045,150.0
Philippsburg,2046,150.0
Philippsburg,2047,150.0
Philippsburg,2048,150.0
Philippsburg,2049,150.0
Philippsburg,2050,150.0
Philippsburg,2051,100.0
Philippsburg,2052,50.0
Philippsburg,2053,-0.0
Philippsburg,2054,0.0
Philippsburg,2055,0.0
Philippsburg,2056,0.0
Philippsburg,2057,0.0
Philippsburg,2058,0.0
Philippsburg,2059,0.0
Philippsburg,2060,0.0
Philippsburg,2061,0.0
Philippsburg,2062,0.0
Philippsburg,2063,0.0
Philippsburg,2064,0.0
Philippsburg,2065,0.0
Philippsburg,2066,0.0
Philippsburg,2067,0.0
Philippsburg,2068,0.0
Philippsburg,2069,0.0
Philippsburg,2070,0.0
Philippsburg,2071,0.0
Philippsburg,2072,0.0
Philippsburg,2073,0.0
Philippsburg,2074,0.0
Philippsburg,2075,0.0
Philippsburg,2076,0.0
Philippsburg,2077,0.0
Philippsburg,2078,0.0
Philippsburg,2079,0.0
Philippsburg,2080,0.0
Philippsburg,2081,0.0
Philippsburg,2082,0.0
Philippsburg,2083,0.0
Philippsburg,2084,0.0
Philippsburg,2085,0.0
Philippsburg,2086,0.0
Philippsburg,2087,0.0
Philippsburg,2088,0.0
Philippsburg,2089,0.0
Philippsburg,2090,0.0
Philippsburg,2091,0.0
Philippsburg,2092,0.0
Philippsburg,2093,0.0
Philippsburg,2094,0.0
Philippsburg,2095,0.0
Philippsburg,2096,0.0
Philippsburg,2097,0.0
Philippsburg,2098,0.0
Philippsburg,2099,0.0
Gorleben,2030,-0.0
Gorleben,2031,11.0
Gorleben,2032,22.0
Gorleben,2033,33.0
Gorleben,2034,68.0
Gorleben,2035,103.0
Gorleben,2036,138.0
Gorleben,2037,173.0
Gorleben,2038,208.0
Gorleben,2039,229.0
Gorleben,2040,229.0
Gorleben,2041,229.0
Gorleben,2042,229.0
Gorleben,2043,229.0
Gorleben,2044,229.0
Gorleben,2045,229.0
Gorleben,2046,229.0
Gorleben,2047,229.0
Gorleben,2048,229.0
Gorleben,2049,229.0
Gorleben,2050,229.0
Gorleben,2051,179.0
Gorleben,2052,129.0
Gorleben,2053,79.0
Gorleben,2054,29.0
Gorleben,2055,0.0
Gorleben,2056,0.0
Gorleben,2057,0.0
Gorleben,2058,0.0
Gorleben,2059,0.0
Gorleben,2060,0.0
Gorleben,2061,0.0
Gorleben,2062,0.0
Gorleben,2063,0.0
Gorleben,2064,0.0
Gorleben,2065,0.0
Gorleben,2066,0.0
Gorleben,2067,0.0
Gorleben,2068,0.0
Gorleben,2069,0.0
Gorleben,2070,0.0
Gorleben,2071,0.0
Gorleben,2072,0.0
Gorleben,2073,0.0
Gorleben,2074,0.0
Gorleben,2075,0.0
Gorleben,2076,0.0
Gorleben,2077,0.0
Gorleben,2078,0.0
Gorleben,2079,0.0
Gorleben,2080,0.0
Gorleben,2081,0.0
Gorleben,2082,0.0
Gorleben,2083,0.0
Gorleben,2084,0.0
Gorleben,2085,0.0
Gorleben,2086,0.0
Gorleben,2087,0.0
Gorleben,2088,0.0
Gorleben,2089,0.0
Gorleben,2090,0.0
Gorleben,2091,0.0
Gorleben,2092,0.0
Gorleben,2093,0.0
Gorleben,2094,0.0
Gorleben,2095,0.0
Gorleben,2096,0.0
Gorleben,2097,0.0
Gorleben,2098,0.0
Gorleben,2099,0.0
Lubmin_CISF,2030,0.0
Lubmin_CISF,2031,0.0
Lubmin_CISF,2032,0.0
Lubmin_CISF,2033,0.0
Lubmin_CISF,2034,0.0
Lubmin_CISF,2035,0.0
Lubmin_CISF,2036,0.0
Lubmin_CISF,2037,0.0
Lubmin_CISF,2038,0.0
Lubmin_CISF,2039,0.0
Lubmin_CISF,2040,0.0
Lubmin_CISF,2041,0.0
Lubmin_CISF,2042,0.0
Lubmin_CISF,2043,0.0
Lubmin_CISF,2044,0.0
Lubmin_CISF,2045,0.0
Lubmin_CISF,2046,0.0
Lubmin_CISF,2047,0.0
Lubmin_CISF,2048,0.0
Lubmin_CISF,2049,0.0
Lubmin_CISF,2050,0.0
Lubmin_CISF,2051,0.0
Lubmin_CISF,2052,0.0
Lubmin_CISF,2053,0.0
Lubmin_CISF,2054,0.0
Lubmin_CISF,2055,0.0
Lubmin_CISF,2056,0.0
Lubmin_CISF,2057,0.0
Lubmin_CISF,2058,0.0
Lubmin_CISF,2059,0.0
Lubmin_CISF,2060,0.0
Lubmin_CISF,2061,0.0
Lubmin_CISF,2062,0.0
Lubmin_CISF,2063,0.0
Lubmin_CISF,2064,0.0
Lubmin_CISF,2065,0.0
Lubmin_CISF,2066,0.0
Lubmin_CISF,2067,0.0
Lubmin_CISF,2068,0.0
Lubmin_CISF,2069,0.0
Lubmin_CISF,2070,0.0
Lubmin_CISF,2071,0.0
Lubmin_CISF,2072,0.0
Lubmin_CISF,2073,0.0
Lubmin_CISF,2074,0.0
Lubmin_CISF,2075,0.0
Lubmin_CISF,2076,0.0
Lubmin_CISF,2077,0.0
Lubmin_CISF,2078,0.0
Lubmin_CISF,2079,0.0
Lubmin_CISF,2080,0.0
Lubmin_CISF,2081,0.0
Lubmin_CISF,2082,0.0
Lubmin_CISF,2083,0.0
Lubmin_CISF,2084,0.0
Lubmin_CISF,2085,0.0
Lubmin_CISF,2086,0.0
Lubmin_CISF,2087,0.0
Lubmin_CISF,2088,0.0
Lubmin_CISF,2089,0.0
Lubmin_CISF,2090,0.0
Lubmin_CISF,2091,0.0
Lubmin_CISF,2092,0.0
Lubmin_CISF,2093,0.0
Lubmin_CISF,2094,0.0
Lubmin_CISF,2095,0.0
Lubmin_CISF,2096,0.0
Lubmin_CISF,2097,0.0
Lubmin_CISF,2098,0.0
Lubmin_CISF,2099,0.0
