cisf,year,build
Arnstadt,2030,0
Arnstadt,2031,0
Arnstadt,2032,0
Arnstadt,2033,0
Arnstadt,2034,0
Arnstadt,2035,0
Arnstadt,2036,0
Arnstadt,2037,0
Arnstadt,2038,0
Arnstadt,2039,0
Arnstadt,2040,0
Arnstadt,2041,0
Arnstadt,2042,0
Arnstadt,2043,0
Arnstadt,2044,0
Arnstadt,2045,0
Arnstadt,2046,0
Arnstadt,2047,0
Arnstadt,2048,0
Arnstadt,2049,0
Arnstadt,2050,0
Arnstadt,2051,0
Arnstadt,2052,0
Arnstadt,2053,0
Arnstadt,2054,0
Arnstadt,2055,0
Arnstadt,2056,0
Arnstadt,2057,0
Arnstadt,2058,0
Arnstadt,2059,0
Arnstadt,2060,0
Arnstadt,2061,0
Arnstadt,2062,0
Arnstadt,2063,0
Arnstadt,2064,0
Arnstadt,2065,0
Arnstadt,2066,0
Arnstadt,2067,0
Arnstadt,2068,0
Arnstadt,2069,0
Arnstadt,2070,0
Arnstadt,2071,0
Arnstadt,2072,0
Arnstadt,2073,0
Arnstadt,2074,0
Arnstadt,2075,0
Arnstadt,2076,0
Arnstadt,2077,0
Arnstadt,2078,0
Arnstadt,2079,0
Arnstadt,2080,0
Arnstadt,2081,0
Arnstadt,2082,0
Arnstadt,2083,0
Arnstadt,2084,0
Arnstadt,2085,0
Arnstadt,2086,0
Arnstadt,2087,0
Arnstadt,2088,0
Arnstadt,2089,0
Arnstadt,2090,0
Arnstadt,2091,0
Arnstadt,2092,0
Arnstadt,2093,0
Arnstadt,2094,0
Arnstadt,2095,0
Arnstadt,2096,0
Arnstadt,2097,0
Arnstadt,2098,0
Arnstadt,2099,0
Hann. Münden,2030,0
Hann. Münden,2031,0
Hann. Münden,2032,0
Hann. Münden,2033,0
Hann. Münden,2034,0
Hann. Münden,2035,0
Hann. Münden,2036,0
Hann. Münden,2037,0
Hann. Münden,2038,0
Hann. Münden,2039,0
Hann. Münden,2040,0
Hann. Münden,2041,0
Hann. Münden,2042,0
Hann. Münden,2043,0
Hann. Münden,2044,0
Hann. Münden,2045,0
Hann. Münden,2046,0
Hann. Münden,2047,0
Hann. Münden,2048,0
Hann. Münden,2049,0
Hann. Münden,2050,0
Hann. Münden,2051,0
Hann. Münden,2052,0
Hann. Münden,2053,0
Hann. Münden,2054,0
Hann. Münden,2055,0
Hann. Münden,2056,0
Hann. Münden,2057,0
Hann. Münden,2058,0
Hann. Münden,2059,0
Hann. Münden,2060,0
Hann. Münden,2061,0
Hann. Münden,2062,0
Hann. Münden,2063,0
Hann. Münden,2064,0
Hann. Münden,2065,0
Hann. Münden,2066,0
Hann. Münden,2067,0
Hann. Münden,2068,0
Hann. Münden,2069,0
Hann. Münden,2070,0
Hann. Münden,2071,0
Hann. Münden,2072,0
Hann. Münden,2073,0
Hann. Münden,2074,0
Hann. Münden,2075,0
Hann. Münden,2076,0
Hann. Münden,2077,0
Hann. Münden,2078,0
Hann. Münden,2079,0
Hann. Münden,2080,0
Hann. Münden,2081,0
Hann. Münden,2082,0
Hann. Münden,2083,0
Hann. Münden,2084,0
Hann. Münden,2085,0
Hann. Münden,2086,0
Hann. Münden,2087,0
Hann. Münden,2088,0
Hann. Münden,2089,0
Hann. Münden,2090,0
Hann. Münden,2091,0
Hann. Münden,2092,0
Hann. Münden,2093,0
Hann. Münden,2094,0
Hann. Münden,2095,0
Hann. Münden,2096,0
Hann. Münden,2097,0
Hann. Münden,2098,0
Hann. Münden,2099,0
Kaiseresch,2030,0
Kaiseresch,2031,0
Kaiseresch,2032,0
Kaiseresch,2033,0
Kaiseresch,2034,0
Kaiseresch,2035,0
Kaiseresch,2036,0
Kaiseresch,2037,0
Kaiseresch,2038,0
Kaiseresch,2039,0
Kaiseresch,2040,0
Kaiseresch,2041,0
Kaiseresch,2042,0
Kaiseresch,2043,0
Kaiseresch,2044,0
Kaiseresch,2045,0
Kaiseresch,2046,0
Kaiseresch,2047,0
Kaiseresch,2048,0
Kaiseresch,2049,0
Kaiseresch,2050,0
Kaiseresch,2051,0
Kaiseresch,2052,0
Kaiseresch,2053,0
Kaiseresch,2054,0
Kaiseresch,2055,0
Kaiseresch,2056,0
Kaiseresch,2057,0
Kaiseresch,2058,0
Kaiseresch,2059,0
Kaiseresch,2060,0
Kaiseresch,2061,0
Kaiseresch,2062,0
Kaiseresch,2063,0
Kaiseresch,2064,0
Kaiseresch,2065,0
Kaiseresch,2066,0
Kaiseresch,2067,0
Kaiseresch,2068,0
Kaiseresch,2069,0
Kaiseresch,2070,0
Kaiseresch,2071,0
Kaiseresch,2072,0
Kaiseresch,2073,0
Kaiseresch,2074,0
Kaiseresch,2075,0
Kaiseresch,2076,0
Kaiseresch,2077,0
Kaiseresch,2078,0
Kaiseresch,2079,0
Kaiseresch,2080,0
Kaiseresch,2081,0
Kaiseresch,2082,0
Kaiseresch,2083,0
Kaiseresch,2084,0
Kaiseresch,2085,0
Kaiseresch,2086,0
Kaiseresch,2087,0
Kaiseresch,2088,0
Kaiseresch,2089,0
Kaiseresch,2090,0
Kaiseresch,2091,0
Kaiseresch,2092,0
Kaiseresch,2093,0
Kaiseresch,2094,0
Kaiseresch,2095,0
Kaiseresch,2096,0
Kaiseresch,2097,0
Kaiseresch,2098,0
Kaiseresch,2099,0
Crivitz,2030,0
Crivitz,2031,0
Crivitz,2032,0
Crivitz,2033,0
Crivitz,2034,0
Crivitz,2035,0
Crivitz,2036,0
Crivitz,2037,0
Crivitz,2038,0
Crivitz,2039,0
Crivitz,2040,0
Crivitz,2041,0
Crivitz,2042,0
Crivitz,2043,0
Crivitz,2044,0
Crivitz,2045,0
Crivitz,2046,0
Crivitz,2047,0
Crivitz,2048,0
Crivitz,2049,0
Crivitz,2050,0
Crivitz,2051,0
Crivitz,2052,0
Crivitz,2053,0
Crivitz,2054,0
Crivitz,2055,0
Crivitz,2056,0
Crivitz,2057,0
Crivitz,2058,0
Crivitz,2059,0
Crivitz,2060,0
Crivitz,2061,0
Crivitz,2062,0
Crivitz,2063,0
Crivitz,2064,0
Crivitz,2065,0
Crivitz,2066,0
Crivitz,2067,0
Crivitz,2068,0
Crivitz,2069,0
Crivitz,2070,0
Crivitz,2071,0
Crivitz,2072,0
Crivitz,2073,0
Crivitz,2074,0
Crivitz,2075,0
Crivitz,2076,0
Crivitz,2077,0
Crivitz,2078,0
Crivitz,2079,0
Crivitz,2080,0
Crivitz,2081,0
Crivitz,2082,0
Crivitz,2083,0
Crivitz,2084,0
Crivitz,2085,0
Crivitz,2086,0
Crivitz,2087,0
Crivitz,2088,0
Crivitz,2089,0
Crivitz,2090,0
Crivitz,2091,0
Crivitz,2092,0
Crivitz,2093,0
Crivitz,2094,0
Crivitz,2095,0
Crivitz,2096,0
Crivitz,2097,0
Crivitz,2098,0
Crivitz,2099,0
Stade,2030,0
Stade,2031,0
Stade,2032,0
Stade,2033,0
Stade,2034,0
Stade,2035,0
Stade,2036,0
Stade,2037,0
Stade,2038,0
Stade,2039,0
Stade,2040,0
Stade,2041,0
Stade,2042,0
Stade,2043,0
Stade,2044,0
Stade,2045,0
Stade,2046,0
Stade,2047,0
Stade,2048,0
Stade,2049,0
Stade,2050,0
Stade,2051,0
Stade,2052,0
Stade,2053,0
Stade,2054,0
Stade,2055,0
Stade,2056,0
Stade,2057,0
Stade,2058,0
Stade,2059,0
Stade,2060,0
Stade,2061,0
Stade,2062,0
Stade,2063,0
Stade,2064,0
Stade,2065,0
Stade,2066,0
Stade,2067,0
Stade,2068,0
Stade,2069,0
Stade,2070,0
Stade,2071,0
Stade,2072,0
Stade,2073,0
Stade,2074,0
Stade,2075,0
Stade,2076,0
Stade,2077,0
Stade,2078,0
Stade,2079,0
Stade,2080,0
Stade,2081,0
Stade,2082,0
Stade,2083,0
Stade,2084,0
Stade,2085,0
Stade,2086,0
Stade,2087,0
Stade,2088,0
Stade,2089,0
Stade,2090,0
Stade,2091,0
Stade,2092,0
Stade,2093,0
Stade,2094,0
Stade,2095,0
Stade,2096,0
Stade,2097,0
Stade,2098,0
Stade,2099,0
Oberdachstetten,2030,0
Oberdachstetten,2031,0
Oberdachstetten,2032,0
Oberdachstetten,2033,0
Oberdachstetten,2034,0
Oberdachstetten,2035,0
Oberdachstetten,2036,0
Oberdachstetten,2037,0
Oberdachstetten,2038,0
Oberdachstetten,2039,0
Oberdachstetten,2040,0
Oberdachstetten,2041,0
Oberdachstetten,2042,0
Oberdachstetten,2043,0
Oberdachstetten,2044,0
Oberdachstetten,2045,0
Oberdachstetten,2046,0
Oberdachstetten,2047,0
Oberdachstetten,2048,0
Oberdachstetten,2049,0
Oberdachstetten,2050,0
Oberdachstetten,2051,0
Oberdachstetten,2052,0
Oberdachstetten,2053,0
Oberdachstetten,2054,0
Oberdachstetten,2055,0
Oberdachstetten,2056,0
Oberdachstetten,2057,0
Oberdachstetten,2058,0
Oberdachstetten,2059,0
Oberdachstetten,2060,0
Oberdachstetten,2061,0
Oberdachstetten,2062,0
Oberdachstetten,2063,0
Oberdachstetten,2064,0
Oberdachstetten,2065,0
Oberdachstetten,2066,0
Oberdachstetten,2067,0
Oberdachstetten,2068,0
Oberdachstetten,2069,0
Oberdachstetten,2070,0
Oberdachstetten,2071,0
Oberdachstetten,2072,0
Oberdachstetten,2073,0
Oberdachstetten,2074,0
Oberdachstetten,2075,0
Oberdachstetten,2076,0
Oberdachstetten,2077,0
Oberdachstetten,2078,0
Oberdachstetten,2079,0
Oberdachstetten,2080,0
Oberdachstetten,2081,0
Oberdachstetten,2082,0
Oberdachstetten,2083,0
Oberdachstetten,2084,0
Oberdachstetten,2085,0
Oberdachstetten,2086,0
Oberdachstetten,2087,0
Oberdachstetten,2088,0
Oberdachstetten,2089,0
Oberdachstetten,2090,0
Oberdachstetten,2091,0
Oberdachstetten,2092,0
Oberdachstetten,2093,0
Oberdachstetten,2094,0
Oberdachstetten,2095,0
Oberdachstetten,2096,0
Oberdachstetten,2097,0
Oberdachstetten,2098,0
Oberdachstetten,2099,0
Gardelegen,2030,0
Gardelegen,2031,0
Gardelegen,2032,0
Gardelegen,2033,0
Gardelegen,2034,0
Gardelegen,2035,0
Gardelegen,2036,0
Gardelegen,2037,0
Gardelegen,2038,0
Gardelegen,2039,0
Gardelegen,2040,0
Gardelegen,2041,0
Gardelegen,2042,0
Gardelegen,2043,0
Gardelegen,2044,0
Gardelegen,2045,0
Gardelegen,2046,0
Gardelegen,2047,0
Gardelegen,2048,0
Gardelegen,2049,0
Gardelegen,2050,0
Gardelegen,2051,0
Gardelegen,2052,0
Gardelegen,2053,0
Gardelegen,2054,0
Gardelegen,2055,0
Gardelegen,2056,0
Gardelegen,2057,0
Gardelegen,2058,0
Gardelegen,2059,0
Gardelegen,2060,0
Gardelegen,2061,0
Gardelegen,2062,0
Gardelegen,2063,0
Gardelegen,2064,0
Gardelegen,2065,0
Gardelegen,2066,0
Gardelegen,2067,0
Gardelegen,2068,0
Gardelegen,2069,0
Gardelegen,2070,0
Gardelegen,2071,0
Gardelegen,2072,0
Gardelegen,2073,0
Gardelegen,2074,0
Gardelegen,2075,0
Gardelegen,2076,0
Gardelegen,2077,0
Gardelegen,2078,0
Gardelegen,2079,0
Gardelegen,2080,0
Gardelegen,2081,0
Gardelegen,2082,0
Gardelegen,2083,0
Gardelegen,2084,0
Gardelegen,2085,0
Gardelegen,2086,0
Gardelegen,2087,0
Gardelegen,2088,0
Gardelegen,2089,0
Gardelegen,2090,0
Gardelegen,2091,0
Gardelegen,2092,0
Gardelegen,2093,0
Gardelegen,2094,0
Gardelegen,2095,0
Gardelegen,2096,0
Gardelegen,2097,0
Gardelegen,2098,0
Gardelegen,2099,0
Kuchen,2030,0
Kuchen,2031,0
Kuchen,2032,0
Kuchen,2033,0
Kuchen,2034,0
Kuchen,2035,0
Kuchen,2036,0
Kuchen,2037,0
Kuchen,2038,0
Kuchen,2039,0
Kuchen,2040,0
Kuchen,2041,0
Kuchen,2042,0
Kuchen,2043,0
Kuchen,2044,0
Kuchen,2045,0
Kuchen,2046,0
Kuchen,2047,0
Kuchen,2048,0
Kuchen,2049,0
Kuchen,2050,0
Kuchen,2051,1
Kuchen,2052,1
Kuchen,2053,1
Kuchen,2054,1
Kuchen,2055,1
Kuchen,2056,1
Kuchen,2057,1
Kuchen,2058,1
Kuchen,2059,1
Kuchen,2060,1
Kuchen,2061,1
Kuchen,2062,1
Kuchen,2063,1
Kuchen,2064,1
Kuchen,2065,1
Kuchen,2066,1
Kuchen,2067,1
Kuchen,2068,1
Kuchen,2069,1
Kuchen,2070,1
Kuchen,2071,1
Kuchen,2072,1
Kuchen,2073,1
Kuchen,2074,1
Kuchen,2075,1
Kuchen,2076,1
Kuchen,2077,1
Kuchen,2078,1
Kuchen,2079,1
Kuchen,2080,1
Kuchen,2081,1
Kuchen,2082,1
Kuchen,2083,1
Kuchen,2084,1
Kuchen,2085,1
Kuchen,2086,1
Kuchen,2087,1
Kuchen,2088,1
Kuchen,2089,1
Kuchen,2090,1
Kuchen,2091,1
Kuchen,2092,1
Kuchen,2093,1
Kuchen,2094,1
Kuchen,2095,1
Kuchen,2096,1
Kuchen,2097,1
Kuchen,2098,1
Kuchen,2099,1
Lubmin_CISF,2030,0
Lubmin_CISF,2031,0
Lubmin_CISF,2032,0
Lubmin_CISF,2033,0
Lubmin_CISF,2034,0
Lubmin_CISF,2035,0
Lubmin_CISF,2036,0
Lubmin_CISF,2037,0
Lubmin_CISF,2038,0
Lubmin_CISF,2039,0
Lubmin_CISF,2040,0
Lubmin_CISF,2041,0
Lubmin_CISF,2042,0
Lubmin_CISF,2043,0
Lubmin_CISF,2044,0
Lubmin_CISF,2045,0
Lubmin_CISF,2046,0
Lubmin_CISF,2047,0
Lubmin_CISF,2048,0
Lubmin_CISF,2049,0
Lubmin_CISF,2050,0
Lubmin_CISF,2051,0
Lubmin_CISF,2052,0
Lubmin_CISF,2053,0
Lubmin_CISF,2054,0
Lubmin_CISF,2055,0
Lubmin_CISF,2056,0
Lubmin_CISF,2057,0
Lubmin_CISF,2058,0
Lubmin_CISF,2059,0
Lubmin_CISF,2060,0
Lubmin_CISF,2061,0
Lubmin_CISF,2062,0
Lubmin_CISF,2063,0
Lubmin_CISF,2064,0
Lubmin_CISF,2065,0
Lubmin_CISF,2066,0
Lubmin_CISF,2067,0
Lubmin_CISF,2068,0
Lubmin_CISF,2069,0
Lubmin_CISF,2070,0
Lubmin_CISF,2071,0
Lubmin_CISF,2072,0
Lubmin_CISF,2073,0
Lubmin_CISF,2074,0
Lubmin_CISF,2075,0
Lubmin_CISF,2076,0
Lubmin_CISF,2077,0
Lubmin_CISF,2078,0
Lubmin_CISF,2079,0
Lubmin_CISF,2080,0
Lubmin_CISF,2081,0
Lubmin_CISF,2082,0
Lubmin_CISF,2083,0
Lubmin_CISF,2084,0
Lubmin_CISF,2085,0
Lubmin_CISF,2086,0
Lubmin_CISF,2087,0
Lubmin_CISF,2088,0
Lubmin_CISF,2089,0
Lubmin_CISF,2090,0
Lubmin_CISF,2091,0
Lubmin_CISF,2092,0
Lubmin_CISF,2093,0
Lubmin_CISF,2094,0
Lubmin_CISF,2095,0
Lubmin_CISF,2096,0
Lubmin_CISF,2097,0
Lubmin_CISF,2098,0
Lubmin_CISF,2099,0
Ahaus_CISF,2030,0
Ahaus_CISF,2031,0
Ahaus_CISF,2032,0
Ahaus_CISF,2033,0
Ahaus_CISF,2034,0
Ahaus_CISF,2035,0
Ahaus_CISF,2036,0
Ahaus_CISF,2037,0
Ahaus_CISF,2038,0
Ahaus_CISF,2039,0
Ahaus_CISF,2040,0
Ahaus_CISF,2041,0
Ahaus_CISF,2042,0
Ahaus_CISF,2043,0
Ahaus_CISF,2044,0
Ahaus_CISF,2045,0
Ahaus_CISF,2046,0
Ahaus_CISF,2047,0
Ahaus_CISF,2048,0
Ahaus_CISF,2049,0
Ahaus_CISF,2050,0
Ahaus_CISF,2051,1
Ahaus_CISF,2052,1
Ahaus_CISF,2053,1
Ahaus_CISF,2054,1
Ahaus_CISF,2055,1
Ahaus_CISF,2056,1
Ahaus_CISF,2057,1
Ahaus_CISF,2058,1
Ahaus_CISF,2059,1
Ahaus_CISF,2060,1
Ahaus_CISF,2061,1
Ahaus_CISF,2062,1
Ahaus_CISF,2063,1
Ahaus_CISF,2064,1
Ahaus_CISF,2065,1
Ahaus_CISF,2066,1
Ahaus_CISF,2067,1
Ahaus_CISF,2068,1
Ahaus_CISF,2069,1
Ahaus_CISF,2070,1
Ahaus_CISF,2071,1
Ahaus_CISF,2072,1
Ahaus_CISF,2073,1
Ahaus_CISF,2074,1
Ahaus_CISF,2075,1
Ahaus_CISF,2076,1
Ahaus_CISF,2077,1
Ahaus_CISF,2078,1
Ahaus_CISF,2079,1
Ahaus_CISF,2080,1
Ahaus_CISF,2081,1
Ahaus_CISF,2082,1
Ahaus_CISF,2083,1
Ahaus_CISF,2084,1
Ahaus_CISF,2085,1
Ahaus_CISF,2086,1
Ahaus_CISF,2087,1
Ahaus_CISF,2088,1
Ahaus_CISF,2089,1
Ahaus_CISF,2090,1
Ahaus_CISF,2091,1
Ahaus_CISF,2092,1
Ahaus_CISF,2093,1
Ahaus_CISF,2094,1
Ahaus_CISF,2095,1
Ahaus_CISF,2096,1
Ahaus_CISF,2097,1
Ahaus_CISF,2098,1
Ahaus_CISF,2099,1
